{"cameraMode":{"drawMode":0,"name":"Shaded","section":"Shading Mode"},"sceneLighting":true,"audioPlay":false,"sceneViewState":{"showFog":true,"showMaterialUpdate":false,"showSkybox":true,"showFlares":true,"showImageEffects":true,"showParticleSystems":true},"in2DMode":false,"pivot":{"x":28.273008346557618,"y":0.031757745891809466,"z":2.4692039489746095},"rotation":{"x":0.07507503032684326,"y":-0.06577018648386002,"z":0.0049625663086771969,"w":0.9949973821640015},"size":6.062033176422119,"orthographic":false}